{
	"pattrstorage" : 	{
		"name" : "envs",
		"slots" : 		{
			"1" : 			{
				"id" : 1,
				"data" : 				{
					"env" : [ 1.0, 0.0, 1.0, 0.0, 0.0, 0, 0.598404, 0.12, 0, 1.0, 1.0, 0, 1.0, 0.0, 0, "linear" ],
					"len" : [ 1.0 ]
				}

			}
,
			"2" : 			{
				"id" : 2,
				"data" : 				{
					"env" : [ 100.0, 0.0, 1.0, 0.0, 0.293333, 0, 21.542553, 1.0, 0, 34.30851, 0.373333, 0, 100.0, 0.0, 0, "linear" ],
					"len" : [ 100.0 ]
				}

			}
,
			"3" : 			{
				"id" : 3,
				"data" : 				{
					"env" : [ 500.0, 0.0, 1.0, 0.0, 0.546667, 0, 138.297867, 0.0, 0, 450.797882, 1.0, 0, 500.0, 0.0, 0, "linear" ],
					"len" : [ 500.0 ]
				}

			}
,
			"4" : 			{
				"id" : 4,
				"data" : 				{
					"env" : [ 1.0, 0.0, 1.0, 0.0, 0.0, 0, 0.598404, 0.12, 0, 1.0, 1.0, 0, 1.0, 0.0, 0, "linear" ],
					"len" : [ 1.0 ]
				}

			}

		}

	}

}
